code,name,latitude,longitude
MAO,Madgaon Junction,15.2676276,73.971059
KRMI,Karmali Railway Station,15.490463,73.9245664
THVM,Thivim Railway Station,15.6299661,73.8768379
PERN,Pernem Railway Station,15.7090558,73.8167629
SWV,Sawantwadi Road Railway Station,15.8665971,73.7851803
KUDL,Kudal Railway Station,16.0172218,73.6779683
SNDD,Sindhudurg Railway Station,16.11208,73.67964
KKW,Kankavali Railway Station,16.2594668,73.7199425
VBW,Vaibhavwadi Road Railway Station,16.5121,73.70783
RAJP,Rajapur Road Railway Station,16.6356045,73.6267938
ADVI,Adavali Railway Station,16.92175,73.59274
RN,Ratnagiri Railway Station,17.0031383,73.3576161
SGR,Sangameshwar Railway Station,17.2016534,73.5465145
CHI,Chiplun Railway Station,17.5422931,73.5221502
KHED,Khed Railway Station,17.7124906,73.4107429
MNI,Mangaon Railway Station,18.24744,73.27598
PNVL,Panvel Railway Station,18.9911223,73.1184573
TNA,Thane Railway Station,19.1864587,72.9754684
DR,Mumbai Dadar Central Railway Station,19.0191208,72.8417366
CSMT,C Shivaji Mah T Railway Station,18.9398446,72.8332588
NZM,Hazrat Nizamuddin Railway Station,28.58733,77.254249
AGC,Agra Cantt. Railway Station,27.1590417,77.9905826
GWL,Gwalior Railway Station,26.2142662,78.1818357
VGLJ,,0.0,0.0
BPL,Bhopal Railway Station,23.2677864,77.4140108
NGP,Nagpur Junction,21.1523063,79.0882217
BPQ,Balharshah Junction,19.8499304,79.3477916
WL,Warangal Junction,17.9733107,79.6057107
BZA,Vijayawada Junction,16.5186803,80.619971
MAS,Chennai Central Railway Station,13.0778704,80.2612511
KOAA,Kolkata Chitpur Railway Station,22.6018382,88.3830655
NH,Naihati Junction,22.8875749,88.4180827
BDC,Bandel Junction,22.9227598,88.3776954
ABKA,Ambika Kalna Railway Station,23.2133715,88.3533249
NDAE,Nabadwip Dham Railway Station,23.3979377,88.3568439
KWAE,Katwa Railway Station,23.6401477,88.1225326
SALE,Salar Railway Station,23.774662,88.111219
KGLE,Khagraghat Road Railway Station,24.1063801,88.2259581
AZ,Azimganj Junction,24.2307743,88.2594677
JRLE,Jangipur Road Railway Station,24.4592532,88.0410175
NFK,New Farakka Junction,24.7941891,87.9156108
MLDT,Malda Town Railway Station,25.0165794,88.1304749
SM,Samsi Railway Station,25.2765459,88.0100505
BKRD,Bhaluka Road F Railway Station,25.3313234,87.9227259
HCR,Harischandrapur Railway Station,25.4040397,87.868532
BOE,Barsoi Junction,25.6511814,87.9236743
RGJ,Raiganj Railway Station,25.6189148,88.1290171
KAJ,Kaliyaganj Railway Station,25.6389623,88.3276002
RDP,Radhikapur Railway Station,25.6432275,88.4479386
NDLS,New Delhi Railway Station,28.6428915,77.2190894
CNB,Kanpur Central Railway Station,26.4537015,80.3512524
MZP,Mirzapur Railway Station,25.1350292,82.5691155
DDU,Dd Upadhyaya Jn Railway Station,25.2804418,83.1185589
ARA,Ara Railway Station,25.5486671,84.6614372
PNBE,Patna Junction,25.6032982,85.137024
RJPB,Rajendra Nagar Bihar Railway Station,25.603351,85.162449
RKMP,Rani Kamalapati Railway Station,23.22192,77.43989
LAR,Lalitpur Railway Station,24.6884274,78.3955437
MRA,Morena Railway Station,26.5012267,78.0034488
DHO,Dhaulpur Railway Station,26.697592,77.90604900000001
MTJ,Mathura Railway Station,27.4789696,77.6733511
LJN,Lucknow Junction,26.8317286,80.9221368
BNZ,Badshahnagar Railway Station,26.8693164,80.9609808
GD,Gonda Junction,27.1542723,81.9771686
BST,Basti Railway Station,26.8153798,82.7691667
GKP,Gorakhpur Railway Station,26.7596246,83.3817701
DEOS,Deoria Sadar Railway Station,26.5079598,83.781991
SV,Siwan Junction,26.2108848,84.3599195
CPR,Chhapra Junction,25.7868163,84.7253669
DGA,Dighwara Railway Station,25.7440675,85.0035268
PPTA,Patliputra Junction Railway Station,25.6215026,85.0690976
KYN,Kalyan Junction,19.235925,73.1307303
NK,Nasik Road Railway Station,19.9480666,73.8420849
MMR,Manmad Junction,20.2507881,74.4392915
CSN,Chalisgaon Junction,20.4632504,74.9989204
JL,Jalgaon Junction,21.0180027,75.5631769
BSL,Bhusaval Junction,21.0481732,75.7886058
MKU,Malkapur Railway Station,20.8918451,76.2045858
NN,Nandura Railway Station,20.8388755,76.4603173
SEG,Shegaon Railway Station,20.8006772,76.6904246
AK,Akola Railway Station,20.7228314,77.0050744
MZR,Murtajapur Railway Station,20.736468,77.35482499999999
BD,Badnera Junction,20.857648,77.7315865
CND,Chandur Railway Station,20.8037783,77.9828973
DMN,Dhamangaon Railway Station,20.7843418,78.1384935
PLO,Pulgaon Junction,20.726225,78.3175796
WR,Wardha Junction,20.732799,78.594717
AJNI,Ajni Railway Station,21.1269617,79.0825184999999
KP,Kamptee Railway Station,21.2112227,79.1971523
BRD,Bhandara Road Railway Station,21.2382836,79.6457763
TMR,Tumsar Road Railway Station,21.3421386,79.7510425
TRO,Tirora Railway Station,21.4138266,79.9170251
G,Gondia Junction,21.4617322,80.1925954
SGO,Saugor Railway Station,23.8476929,78.7430693
KMZ,Katni Murwara Railway Station,23.8311519,80.3919565
UMR,Umaria Railway Station,23.5232742,80.8227398
SDL,Shahdol Railway Station,23.2871828,81.3637747
APR,Anuppur Junction,23.1177652,81.6964539
PND,Pendra Road Railway Station,22.7563677,81.8990949
BSP,Bilaspur Railway Station,22.0562653,82.1720868
BYT,Bhatapara Railway Station,21.7333175,81.9463647
R,Raipur Railway Station,21.257068,81.6296015
DURG,Durg Junction,21.1998912,81.291549
SWM,Sawai Madhopur Junction,26.0192465,76.3568245
KOTA,Kota Junction,25.2238622,75.8807977
RTM,Ratlam Junction,23.343272,75.051585
BRC,Vadodara Railway Station,22.310805,73.1808827
BH,Bharuch Junction,21.7034055,72.9995311
ST,Surat Railway Station,21.2049638,72.8407527
BL,Valsad Railway Station,20.6074294,72.9335005
VAPI,Vapi Railway Station,20.3734917,72.9084648
BVI,Mumbai Borivali Railway Station,19.228739,72.85641199999999
MMCT,Mumbai Central Railway Station,18.9696305,72.8193674
JBP,Jabalpur Junction,23.1655422,79.9506293
MML,Madan Mahal Railway Station,23.1602695,79.9208209
SRID,Shridham Railway Station,23.0345276,79.4847856
NU,Narsinghpur Railway Station,22.9430681,79.2146595
KY,Kareli Railway Station,22.932004,79.066044
GAR,Gadarwara Railway Station,22.9003817,78.7926908
BKH,Bankhedi Railway Station,22.7746927,78.5334723
PPI,Pipariya Railway Station,22.7541387,78.3546527
SGP,Sohagpur Railway Station,22.694025,78.1943817
ET,Itarsi Junction,22.6085423,77.7671103
BZU,Betul Railway Station,21.8970897,77.9061925
AMLA,Amla Junction,21.9194856,78.1227685
PAR,Pandhurna Railway Station,21.589723,78.525744
SNI,Sindi Railway Station,20.8157282,78.8832075
AMI,Amravati Railway Station,20.9307971,77.7579228
CDG,Chandigarh Railway Station,30.702618,76.819172
UMB,Ambala Cantt. Junction,30.3394184,76.8288734
YJUD,Yamunanagar Jud Railway Station,30.1173076,77.2876963
SRE,Saharanpur Railway Station,29.9614603,77.541237
MOZ,Muzaffarnagar Railway Station,29.4699191,77.7080658
MTC,Meerut City Railway Station,28.9788364,77.6755095
GZB,Ghaziabad Railway Station,28.6531992,77.42899
FDB,Faridabad Railway Station,28.4108273,77.3074016
SEGM,Sevagram Junction,20.739076,78.619225
CD,Chandrapur Railway Station,19.9603028,79.3001412
RDM,Ramagundam Railway Station,18.7639321,79.4348864
PER,Perambur Railway Station,13.1077355,80.2443863
AJJ,Arakkonam Junction,13.0823911,79.6685282
KPD,Katpadi Junction,12.9717011,79.1385746
AB,Ambur Junction,12.7841107,78.7218346
VN,Vaniyambadi Railway Station,12.6793005,78.6227991
JTJ,Jolarpettai Junction,12.5633824,78.5777854
SA,Salem Junction,11.6706181,78.1137348
ED,Erode Junction,11.3286028,77.7257991
KRR,Karur Junction,10.9657054,78.0852639
DG,Dindigul Railway Station,10.3527847,77.9835266
MDU,Madurai Junction,9.9192456,78.1104983
JP,Jaipur Railway Station,26.9196878,75.7880051
SIKR,Sikar Junction,27.6167119,75.1531512
JJN,Jhunjhunun Railway Station,28.1070995,75.3903146
LHU,Loharu Railway Station,28.4272275,75.802825
SDLP,Sadulpur Junction,28.6313895,75.3861674
HSR,Hisar Railway Station,29.1520975,75.724705
ADI,Ahmedabad Junction,23.0266941,72.6008731
ND,Nadiad Junction,22.6935974,72.8572727
ANND,Anand Junction,22.5607595,72.9667427
SASN,Sas Nagar Mohali Railway Station,30.6659351,76.7397112
LDH,Ludhiana Railway Station,30.9134716,75.8479333
PGW,Phagwara Junction,31.2171949,75.7654978
JUC,Jalandhar City Railway Station,31.331196,75.5907214
BEAS,Beas Railway Station,31.5203294,75.2914071
ASR,Amritsar Junction,31.6332336,74.8672281
JAT,Jammu Tawi Railway Station,32.7058783,74.8798454
DEE,Delhi Sarai Rohilla Railway Station,28.6627512,77.1852469
PC,Pachora Junction,20.6692381,75.3493844
NGN,Nandgaon Railway Station,20.3091832,74.6600791
LS,Lasalgaon Railway Station,20.1550193,74.226229
NR,Niphad Railway Station,20.0968456,74.079792
DVL,Devlali Railway Station,19.8968608,73.836741
BNDA,Banda Junction,25.4775823,80.3350461
CKTD,Chitrakoot Railway Station,25.2174654,80.9228404999999
STA,Satna Railway Station,24.5677017,80.8287376
KTE,Katni Junction,23.8343132,80.4005726
USL,Usalapur Railway Station,22.102548,82.111546
HWH,Kolkata Howrah Junction,22.6018382,88.3830655
KGP,Kharagpur Junction,22.3408398,87.325934
JER,Jaleswar Railway Station,21.7975053,87.2200858
BLS,Balasore Railway Station,21.5010894,86.9201027
SORO,Soro Railway Station,21.2911561,86.6925477
BHC,Bhadrakh Railway Station,21.0912684,86.516344
JJKR,Jajpur Keonjhar Road Railway Station,20.9438494,86.1328801
CTC,Cuttack Railway Station,20.4654939,85.9007467
BBS,Bhubaneswar Railway Station,20.2669856,85.8439233
SHC,Saharsa Junction,25.8738196,86.5944052
MNE,Mansi Junction,25.5090688,86.5550878
KGG,Khagaria Junction,25.5061177,86.4669881
BGS,Begu Sarai Railway Station,25.4249184,86.1340718
BJU,Barauni Junction,25.4629024,85.9881681
DSS,Dalsingh Sarai Railway Station,25.6650202,85.841272
SPJ,Samastipur Junction,25.8599886,85.7863406
MFP,Muzaffarpur Junction,26.1224065,85.3784348
HJP,Hajipur Junction,25.70228,85.2154709
SEE,Sonpur Junction,25.6971671,85.1686621
KLD,Khalilabad Railway Station,26.7750559,83.0550659
BBK,Barabanki Junction,26.9341558,81.1792152
ASH,Aishbagh Railway Station,26.8373569,80.9101651
ETW,Etawah Railway Station,26.786722,79.0214195
TDL,Tundla Junction,27.2083283,78.2334217
ALJN,Aligarh Junction,27.8893909,78.0746126
TPJ,Tiruchirappalli Junction,10.7947068,78.6848465
SRGM,Srirangam Railway Station,10.8576647,78.69591
ALU,Ariyalur Railway Station,11.1491803,79.0682847
VRI,Vriddhachalam Junction,11.5345375,79.3159433
VM,Villupuram Junction,11.9417363,79.4991554
MLMR,Melmaruvattur Railway Station,12.429554,79.83380100000001
CGL,Chengalpattu Railway Station,12.6935619,79.9808668
TBM,Tambaram Railway Station,12.9257861,80.1178872
MS,Chennai Egmore Railway Station,13.0778746,80.2616195
NLR,Nellore Railway Station,14.4618325,79.9894676
OGL,Ongole Railway Station,15.4976049,80.057093
EE,Eluru Railway Station,16.7181125,81.1194163
RJY,Rajahmundry Railway Station,16.9842011,81.783782
VSKP,Visakhapatnam Railway Station,17.7213754,83.2904709
VZM,Vizianagaram Junction,18.1115291,83.3958641
BAM,Brahmapur Railway Station,19.2963987,84.7970277
KUR,Khurda Road Junction,20.1541167,85.7086515
LTT,Mumbai Lokmanya Tilak Terminus Railway Station,19.069688,72.8897828
PUNE,Pune Junction,18.5289037,73.8744212
KWV,Kurduvadi Railway Station,18.0922214,75.416631
SUR,Solapur Railway Station,17.664563,75.8934403
DUD,Dudhani Railway Station,17.3626152,76.3802111
GUR,Ganagapur Road Railway Station,17.3408169,76.589621
KLBG,Kalaburagi Railway Station,17.3149064,76.8246283
SDB,Shahabad Railway Station,17.121662999999998,76.943513
WADI,Wadi Junction,17.0521762,76.9913644
YG,Yadgir Railway Station,16.7439522,77.1302308
KSN,Krishna Railway Station,16.4104049,77.3288409
RC,Raichur Railway Station,16.1924075,77.3394929
MALM,Manthralayam Road Railway Station,15.949035,77.299196
AD,Adoni Railway Station,15.6175995,77.2746882
GTL,Guntakal Junction,15.1753265,77.3666095
ATP,Anantapur Railway Station,14.6862683,77.5952101
DMM,Dharmavaram Junction,14.4261339,77.7152002
SSPN,Sri Satya Sai Prasanthi Nilayam Railway Station,14.1609808,77.7588363
HUP,Hindupur Railway Station,13.8187984,77.4999556
GBD,Gauribidanur Railway Station,13.6134018,77.5131698
BNCE,Bangalore East Railway Station,13.0012254,77.6182764
BNC,Bangalore Cantt. Railway Station,12.9937224,77.5980391
SBC,Bangalore City Junction,12.9937224,77.5980391
HSRA,Hosur Railway Station,12.7178964,77.8229098
DPJ,Dharmapuri Railway Station,12.125853,78.1541017
TUP,Tiruppur Railway Station,11.1085741,77.3397627
CBE,Coimbatore Main Junction,10.9959474,76.9669917
BSB,Varanasi Junction,25.3267705,82.9862682
JOP,Jaunpur City Railway Station,25.7335279,82.6678627
LBA,Lambhua Railway Station,26.1340275,82.2237115
SLN,Sultanpur Railway Station,26.263027,82.066106
NHH,Nihalgarh Railway Station,26.4601756,81.6327613
LKO,Lucknow Railway Station,26.8310552,80.924412
SPN,Shahjehanpur Railway Station,27.894224,79.904605
MB,Moradabad Railway Station,28.8325304,78.7651216
JRC,Jalandhar Cantt. Railway Station,31.3073755,75.6312368
PTKC,Pathankot Cantt Railway Station,32.2594102,75.6365486
KTHU,Kathua Railway Station,32.39792,75.55132
DGLE,Dhulian Ganga Railway Station,24.672319,87.938339
PCOI,Prayagraj Chheoki Junction,25.3767759,81.8671352
ZNA,Zamania Railway Station,25.3740989,83.5437929
BXR,Buxar Railway Station,25.5612101,83.9810882
DNR,Danapur Railway Station,25.5823346,85.0436409
ORAI,Orai Railway Station,25.9827737,79.4597519
MBP,Mohibullapur Railway Station,26.9096956,80.9393096
SD,Sidhauli Railway Station,27.284408,80.837434
STP,Sitapur Railway Station,27.5575777,80.6996173
VEER,Veer Railway Station,18.1137835,73.3303983
SVX,Savarda Railway Station,17.4046757,73.5151623
AVRD,Aravali Road Railway Station,17.316624,73.538207
VID,Vilavade Railway Station,16.7856448,73.6191647
BINA,Bina Junction,24.1714707,78.1846781
BAQ,Ganj Basoda Railway Station,23.8459214,77.9447126
BHS,Vidisha Railway Station,23.522512,77.8148015
HSX,Hoshiarpur Railway Station,31.5242929,75.9056812
KUPR,Khurdpur Railway Station,31.4256476,75.7236368
KUN,Karnal Railway Station,29.6950793,76.9698383
PNP,Panipat Junction,29.3904411,76.9639938
DLI,Old Delhi Railway Station,28.660217,77.225843
ANVT,Delhi Anand Vihar Terminus Railway Station,28.6488339,77.3131578
FTP,Fatehpur Railway Station,25.9171303,80.8016978
PRYJ,Prayagraj Junction,25.4452786,81.8253314
SSM,Sasaram Railway Station,24.9559874,84.0187853
DOS,Dehri On Sone Railway Station,24.9145106,84.1857895
GAYA,Gaya Junction,24.8032809,84.9996887
KQR,Koderma Railway Station,24.4348832,85.5292375
PNME,Parasnath Railway Station,23.9875656,86.0373788
GMO,Gomoh Junction,23.8717293,86.1524866
VAA,Bhaga Junction,23.7239727,86.4057979
ADRA,Adra Junction,23.4956158,86.6744867
BQA,Bankura Railway Station,23.2243374,87.0750287
MDN,Midnapore Railway Station,22.4251115,87.3078627
HIJ,Hijilli Railway Station,22.319921,87.32016899999999
PURI,Puri Railway Station,19.8077433,85.8380287
BGP,Bhagalpur Railway Station,25.2414861,86.9724279
SGG,Sultanganj Railway Station,25.2416519,86.7354493
BUP,Bariarpur Railway Station,25.2809369,86.575035
JMP,Jamalpur Junction,25.3148744,86.4928984
DRH,Dharhara Railway Station,25.2578223,86.4110445
AHA,Abhaipur Railway Station,25.2156072,86.3223533
KJH,Kajra Railway Station,25.18222,86.2621
KIUL,Kiul Junction,25.1713771,86.1065522
LKR,Luckeesarai Junction,25.1719245,86.0940227
BRYA,Barhiya Railway Station,25.2825516,86.015598
HTZ,Hathidah Junction,25.3659966,85.9873928
MKA,Mokameh Junction,25.3921849,85.9141634
BARH,Barh Railway Station,25.4535243,85.6937027
BKP,Bakhtiyarpur Junction,25.4558269,85.5323428
KOO,Khusropur Railway Station,25.4853618,85.3875283
FUT,Fatwa Railway Station,25.50144,85.305488
PNC,Patna Saheb Railway Station,25.5859004,85.2313386
CAR,Chunar Railway Station,25.1038201,82.8718126999999
BBU,Bhabua Road Railway Station,25.172576,83.6192576
AUBR,Anugraha Narayan Road Railway Station,24.855965,84.3303035
PRP,Paharpur Railway Station,24.6242179,85.2065079
HZD,Hazaribagh Road Railway Station,24.174583,85.892035
CRP,Chandrapura Railway Station,23.7554016,86.1202648
BKSC,Bokaro Steel City Railway Station,23.6580092,86.0839298
PRR,Purulia Junction,23.3258979,86.377838
TATA,Tatanagar Railway Station,22.768494,86.2011402999999
GTS,Ghatsila Railway Station,22.586079,86.479476
DPA,Durgapura Railway Station,26.8549572,75.7870359
RMA,Ramganj Mandi Railway Station,24.644606,75.939411
BWM,Bhawani Mandi Railway Station,24.4193776,75.8303678
SGZ,Shamgarh Railway Station,24.1922253,75.6436976
VMA,Vikramgarh Alot Railway Station,23.7646692,75.5384972
NAD,Nagda Junction,23.4564536,75.4125729
UJN,Ujjain Railway Station,23.17837,75.78008
BCH,Berchha Railway Station,23.2836949,76.335527
SJP,Shujalpur Railway Station,23.3809667,76.7233144
SEH,Sehore Railway Station,23.21499,77.077804
SHRN,S Hirdaramnagar Railway Station,23.2740149,77.3336913
SKZR,Sirpur Kagaznagar Railway Station,19.4788046,79.5606859
BPA,Belampalli Railway Station,19.0536892,79.4863374
MCI,Mancherial Railway Station,18.8788622,79.4495159
GDR,Gudur Junction,14.1486521,79.8455678
PVR,Pandharpur Railway Station,17.6687,75.31919
KEM,Kem Railway Station,18.1768229,75.274675
JEUR,Jeur Railway Station,18.26077,75.16237
DD,Daund Junction,18.4639034,74.5792682
KDG,Kedgaon Railway Station,18.4820563,74.3766582
URI,Uruli Railway Station,18.4937579,74.1372684
CCH,Chinchvad Railway Station,18.638903,73.79139199999999
TGN,Talegaon Railway Station,18.7350668,73.6722213
BDTS,Mumbai Bandra Terminus Railway Station,19.0634794,72.8389661
BAU,Burhanpur Railway Station,21.3348443,76.199368
KNW,Khandwa Junction,21.8234927,76.3527879
MYR,Maihar Railway Station,24.2565614,80.7637041
MKP,Manikpur Junction,25.0632688,81.0940626
BSBS,Banaras Railway Station,25.3268557,82.9841344
RK,Roorkee Railway Station,29.8521991,77.875047
HW,Haridwar Junction,29.9483516,78.1554839
DDN,Dehradun Railway Station,30.3145051,78.0334601
DDR,Mumbai Dadar Western Railway Station,19.0191208,72.8417366
MSH,Mahesana Junction,23.6019898,72.3893575
PTN,Patan Railway Station,23.8536193,72.1312125
BLDI,Bhildi Railway Station,24.1944641,72.0094623
DQN,Dhanera Railway Station,24.503631,72.0325521
RNV,Raniwara Railway Station,24.7507026,72.2044385
MBNL,Marwar Bhinmal Railway Station,25.0009118,72.2756465
MON,Modran Railway Station,25.1869988,72.4470958
JOR,Jalor Railway Station,25.3543378,72.6341284
MKSR,Mokalsar Railway Station,25.6272481,72.5196134
SMR,Samdhari Junction,25.837202,72.57300699999999
JU,Jodhpur Railway Station,26.2837696,73.0226358
NGO,Nagaur Railway Station,27.2000329,73.7235488
BKN,Bikaner Junction,28.0145884,73.3160072
JJK,Jhinjhak Railway Station,26.5547138,79.7351558
SRO,Sirathu Railway Station,25.6488719,81.3201311
SRJ,Shankargarh Railway Station,25.180389,81.6136554
DBR,Dabhaura Railway Station,25.1178385,81.3028131
JTW,Jaitwar Railway Station,24.7407055,80.8637018
REWA,Rewa Railway Station,24.5377376,81.2514979
SDAH,Kolkata Sealdah Railway Station,22.6018382,88.3830655
BNXR,Bidhan Nagar Railway Station,22.5912344,88.3906191
DAKE,Dakhineswar Railway Station,22.6534841,88.36363519999999
BWN,Barddhaman Junction,23.2501746,87.8696234
GKH,Guskara Railway Station,23.4907314,87.73376
BHP,Bolpur Shantiniketan Railway Station,23.6582091,87.6985069
AMP,Ahmadpur Junction,23.8332016,87.6929867
SNT,Sainthia Railway Station,23.9504788,87.6810269
RPH,Rampur Hat Railway Station,24.179797,87.78214700000001
NHT,Nalhati Junction,24.2957126,87.8387385
PKR,Pakur Railway Station,24.6380383,87.8557741
DLK,Dalkolha Railway Station,25.873416,87.83887700000001
KNE,Kishanganj Railway Station,26.097746,87.949657
AUB,Aluabari Road Railway Station,26.2692858,88.1851988999999
NJP,New Jalpaiguri Railway Station,26.683025,88.443391
JPE,Jalpaiguri Road Railway Station,26.5591635,88.7091671
NMX,New Maynaguri Railway Station,26.5784631,88.822882
DQG,Dhupguri Railway Station,26.5742414,88.993878
FLK,Falakata Railway Station,26.5391295,89.1912221
NCB,New Cooch Behar Railway Station,26.3528017,89.4688034
DHH,Dinhata Railway Station,26.1237965,89.4681179
BXT,Bamanhat Railway Station,26.0707786,89.5868471
KJM,Krishnarajapuram Railway Station,13.0006295,77.6753238
BWT,Bangarapet Railway Station,12.9846952,78.1784679
KPN,Kuppam Railway Station,12.7473075,78.3399271
WJR,Walajah Road Railway Station,12.9709293,79.3608965
SHU,Sholinghur Railway Station,13.0140861,79.4866553
PKW,Pilkhua Railway Station,28.712335,77.668008
HPU,Hapur Railway Station,28.7391871,77.7786601
AMRO,Amroha Railway Station,28.8925147,78.4756415
CH,Chandausi Junction,28.4588084,78.7796315
AO,Aonla Railway Station,28.29596,79.16909
HRI,Hardoi Railway Station,27.400007,80.147203
AMG,Alamnagar Railway Station,26.8414218,80.8679006
RDL,Rudauli Railway Station,26.7626969,81.754093
AYC,Ayodhya Cantt.,26.768117,82.131833
AY,Ayodhya Railway Station,26.7883908,82.200885
GGJ,Goshainganj Railway Station,26.5700842,82.3845282
ABP,Akbarpur Railway Station,26.4292167,82.5400585
SHG,Shahganj Junction,26.0611528,82.6799077
JNU,Jaunpur Junction,25.7614209,82.6992568
BCY,Varanasi City Railway Station,25.3343591,83.014264
ARJ,Aunrihar Junction,25.5451152,83.1877568
GCT,Ghazipur City Railway Station,25.5834015,83.5671974
YFP,Yusufpur Railway Station,25.6365405,83.7474311
BUI,Ballia Railway Station,25.7593121,84.1483581
SIP,Suraimanpur Railway Station,25.8082003,84.4810524
SMI,Sitamarhi Railway Station,26.5948642,85.504527
RXL,Raxaul Junction,26.9867431,84.8447685
UBL,Hubli Junction,15.3500584,75.1493127
HVR,Haveri Railway Station,14.7946,75.4113
RNR,Ranibennur Railway Station,14.6258976,75.6357331
HRR,Harihar Railway Station,14.5154453,75.8110604
DVG,Davangere Railway Station,14.468265,75.91957
JRU,Chikjajur Junction,14.1238308,76.1399953
RRB,Birur Junction,13.5933057,75.9729329
ASK,Arsikere Junction,13.313701,76.2531758
TK,Tumkur Railway Station,13.3341223,77.1019019
YPR,Bangalore Yesvantpur Junction,12.9937224,77.5980391
KIR,Katihar Junction,25.5479749,87.5651973
PRNA,Purnia Junction,25.7953111,87.4752379
ARQ,Arariya Court Railway Station,26.114863,87.4473901
FBG,Forbesganj Railway Station,26.2989817,87.2621179
JBN,Jogbani Railway Station,26.4026584,87.2638242
SC,Secunderabad Junction,17.4337454,78.5015742
KZJ,Kazipet Junction,17.9747686,79.5112251
PDPL,Peddapalli Railway Station,18.6138265,79.3921721
KATL,Katol Railway Station,21.2634082,78.5904877
GDYA,Ghoradongri Railway Station,22.125763,78.002493
PRRB,Prayagraj Rambag Railway Station,25.4393909,81.8491893
GYN,Gyanpur Road Railway Station,25.279838,82.4277079
BHLP,Bhulanpur Railway Station,25.28753,82.956873
DLN,Dildarnagar Junction,25.419535,83.6684531
RJK,Raja Ka Sahaspur Railway Station,28.626216,78.780097
MFKA,Musafir Khana Railway Station,26.3793442,81.7996055
SKN,Sri Krishna Nagar Railway Station,25.8833715,82.4493091
NDJ,Nandganj Railway Station,25.5446756,83.3973797
BGU,Bairgania Railway Station,26.7385635,85.2735242
DBA,Dabra Railway Station,25.8818043,78.3304346
DAA,Datia Railway Station,25.64107,78.45601
KPI,Kalpi Railway Station,26.1200761,79.7561707
PHN,Pokhrayan Railway Station,26.2234742,79.8412304
ON,Unnao Junction,26.5491624,80.4868156
BUW,Burhwal Railway Station,27.0860683,81.3892937
CLJ,Colonelganj Railway Station,27.1375106,81.6934628
MUR,Mankapur Junction,27.0396698,82.2268666
MSW,Maskanwa Railway Station,27.0010824,82.359424
BV,Babhnan Railway Station,26.9376651,82.5017734
BTT,Bhatni Junction,26.3813419,83.9329912
BTK,Bankata Railway Station,26.266099,84.0947603
MW,Mairwa Railway Station,26.2399001,84.1513946
DDA,Duraundha Junction,26.0869363,84.4593887
BNR,Bhagwanpur Railway Station,25.8583616,85.3010599
DOL,Dholi Railway Station,25.9761779,85.5649637
KRBP,Khudiram B Pusa Railway Station,25.9066345,85.6722475
GJL,Gajraula Junction,28.8347945,78.249244
MNDR,Mandi Dhanaura Railway Station,28.9526467,78.261222
CPS,Chand Siau Railway Station,29.1319378,78.2770305
HLDR,Haldaur Railway Station,29.290374,78.275269
BJO,Bijnor Railway Station,29.3857886,78.147049
MZM,Muzzampur Narayan Railway Station,29.58301,78.222356
NBD,Najibabad Junction,29.6038922,78.3365092
KTW,Kotdwara Railway Station,29.7425951,78.5210938
DGR,Durgapur Railway Station,23.4945502,87.3177649
RNG,Raniganj Railway Station,23.6038029,87.117528
ASN,Asansol Junction,23.6907096,86.9758736
ULT,Kulti Railway Station,23.7380343,86.8491072
BRR,Barakar Railway Station,23.7423454,86.8169593
KMME,Kumardubi Railway Station,23.7475827,86.7935198
DHN,Dhanbad Junction,23.7925537,86.4280411
KTH,Katrasgarh Railway Station,23.7963547,86.3020399
PUS,Phusro Railway Station,23.7675913,86.0097531
BRMO,Bermo Railway Station,23.7723753,85.9553056
BKRO,Bokaro Thermal Railway Station,23.7865057,85.879432
GMIA,Gumia Railway Station,23.8027268,85.8296432
RRME,Ranchi Road Railway Station,23.6660301,85.5129003
BRKA,Barkakana Junction,23.6240689,85.4683818
PTRU,Patratu Railway Station,23.6669812,85.3056611
RAY,Ray Railway Station,23.6790901,85.0602012
KLRE,Khalari Railway Station,23.6504975,85.0017627
TORI,Tori Railway Station,23.6818208,84.7400054
LTHR,Latehar Railway Station,23.7252878,84.4680828
BRWD,Barwadih Junction,23.8437071,84.1164241
DTO,Daltonganj Railway Station,24.0331665,84.0743931
GHD,Garwa Road Railway Station,24.214419,83.885116
GHQ,Garhwa Railway Station,24.1755746,83.8136049
NUQ,Nagar Untari Railway Station,24.2851849,83.5133962
WDM,Wyndhamganj Railway Station,24.2633213,83.4013795
DXN,Duddhinagar Railway Station,24.208815,83.2165622
RNQ,Renukut Railway Station,24.2034487,83.0398362
CPU,Chopan Railway Station,24.5135306,83.0266271
SGRL,Singrauli Railway Station,24.2047095,82.6430039
BRGW,Bargawan Railway Station,24.1972908,82.4564005
SGAM,Sareigram Railway Station,24.039636,82.205614
MWJ,Marwasgram Railway Station,24.0970055,81.7754379
BEHR,Beohari Railway Station,24.0006286,81.3800036
VST,Bijaysota Railway Station,23.978724,81.11095900000001
KHBJ,Khanna Banjari Railway Station,23.8966973,80.8222814
KTES,Katni South Railway Station,23.8167057,80.4008897
SHR,Sihora Road Railway Station,23.467026,80.1099451
AVD,Avadi Railway Station,13.1180603,80.1017231
MAP,Morappur Railway Station,12.1261144,78.3949849
PTJ,Podanur Junction,10.9643079,76.9888003
PGT,Palakkad Railway Station,10.8000008,76.6369749
SRR,Shoranur Junction,10.7595474,76.2718906
TIR,Tirur Railway Station,10.9172053,75.9221883
CLT,Kozhikode Main Railway Station,11.2458722,75.7804003
BDJ,Vadakara Railway Station,11.593627,75.587211
TLY,Thalassery Railway Station,11.752906,75.4934633
CAN,Kannur Main Railway Station,11.8713099,75.3681453
PAY,Payyanur Railway Station,12.091403,75.1955761
NLE,Nileshwar Railway Station,12.2558682,75.1357268
KZE,Kanhangad Railway Station,12.320046,75.0847282
KGQ,Kasargod Railway Station,12.4914241,74.9875634
MAQ,Mangalore Central Railway Station,12.8633417,74.843251
DADN,Dr Ambedkar Ngr Railway Station,22.5558,75.7707
INDB,Indore Junction Bg,22.7171383,75.8682926
DWX,Dewas Junction,22.9778181,76.0518991
MKC,Maksi Railway Station,23.251981,76.1585198
MTY,Multai Railway Station,21.7828473,78.2635045
NRKR,Narkher Railway Station,21.4697726,78.5253454
PHD,Phaphund Railway Station,26.632223,79.554192
SKB,Shikohabad Junction,27.0862449,78.5755779
FZD,Firozabad Railway Station,27.1476876,78.3865293
KRJ,Khurja Junction,28.2074987,77.8183669
SZM,Delhi Sabzi Mandi Railway Station,28.668683,77.199696
SNP,Sonipat Railway Station,28.9897573,77.0168354
GNU,Ganaur Railway Station,29.1316699,77.0111281
SMK,Samalkha Railway Station,29.2415659,77.0032363
KKDE,Kurukshetra Junction,29.9694671,76.8519728
CNDM,Chandi Mandir Railway Station,30.7271008,76.8872298
KLK,Kalka Railway Station,30.8383939,76.9322876
RBL,Rae Bareli Railway Station,26.2322195,81.2391296
AME,Amethi Railway Station,26.1529647,81.8061271
PBH,Partapgarh Junction,25.913308,82.00177799999999
HTE,Hatia Railway Station,23.3094514,85.3088192
RNC,Ranchi Railway Station,23.3494435,85.33564
MURI,Muri Railway Station,23.3778688,85.8668762
GRRU,Guraru Railway Station,24.8110055,84.7913034
RFJ,Rafiganj Railway Station,24.8197065,84.6339288
NNA,Naugachia Railway Station,25.3850024,87.0935867
HRS,Hathras Junction,27.6246727,78.1372911
RURA,Rura Railway Station,26.4853838,79.9081258
PNKD,Panki Dham Railway Station,26.4598236,80.2383557
TDU,Tandur Railway Station,17.2509264,77.5841431
VKB,Vikarabad Junction,17.3375702,77.9097284
BMT,Hyderabad Begampet Railway Station,17.3924557,78.4675754
CRJ,Chittaranjan Railway Station,23.8578666,86.8782268
JMT,Jamtara Railway Station,23.9593045,86.8060137
MDP,Madhupur Junction,24.2707861,86.6423319
JSME,Jasidih Junction,24.5148844,86.6439495
JAJ,Jhajha Railway Station,24.7720396,86.3861055
JMU,Jamui Railway Station,24.9722861,86.2551484
CKP,Chakradharpur Railway Station,22.678237,85.627317
ROU,Rourkela Railway Station,22.2281727,84.8614097
JSG,Jharsuguda Junction,21.8621547,84.0174815
BRJN,Brajrajnagar Railway Station,21.8226525,83.9243674
RIG,Raigarh Railway Station,21.8912829,83.3906017
CPH,Champa Railway Station,22.0345168,82.6649825
RJN,Raj Nandgaon Railway Station,21.1007407,81.0384345
DGG,Dongargarh Railway Station,21.185207,80.7611005
KPG,Kopargaon Railway Station,19.9034596,74.5035253
BAP,Belapur Railway Station,19.6194887,74.6626505
ANG,Ahmadnagar Railway Station,19.0744734,74.7218499
DDCC,Daund Chord Lin Railway Station,18.46426974,74.57925747
NYP,Nayadupeta Railway Station,13.9087458,79.900829
SHM,Kolkata Shalimar Railway Station,22.6018382,88.3830655
SRC,Kolkata Santragachi Junction,22.6018382,88.3830655
TDD,Tadepalligudem Railway Station,16.8102131,81.5265934
FL,Phulera Junction,26.8731067,75.2455129
KSG,Kishangarh Railway Station,26.5756173,74.824893
AII,Ajmer Railway Station,26.4571357,74.637178
NSD,Nasirabad Railway Station,26.2950805,74.717366
BHL,Bhilwara Railway Station,25.3451778,74.631467
CNA,Chanderiya Railway Station,24.9386097,74.6296169
MVJ,Mavli Junction,24.7944326,73.9739747
RPZ,Ranapratapnagar Railway Station,24.5827681,73.7286393
UDZ,Udaipur City Railway Station,24.5673467,73.6995224
ZW,Zawar Railway Station,24.3582406,73.7315123
DNRP,Dungarpur Railway Station,23.8674267,73.695651
SJS,Shamlaji Road Railway Station,23.6344,73.342955
HMT,Himmatnagar Railway Station,23.59145,72.96007
NHM,Nandol Dehegam Railway Station,23.1735257,72.8158716
SDGM,Sardargram Railway Station,23.0715462,72.6424296
ASV,Asarva Junction,23.0440029,72.6130917
LPI,Lingampalli Railway Station,17.4829269,78.3176293
RMNP,Ramannapet Railway Station,17.284041,79.0859708
NLDA,Nalgonda Railway Station,17.0607424,79.2832907
MRGA,Miryalaguda Railway Station,16.8601221,79.5338457
NDKD,Nadikudi Junction,16.590634,79.72356500000001
PGRL,Piduguralla Railway Station,16.4782,79.87678
SAP,Sattenapalle Railway Station,16.4053213,80.1529775
GNT,Guntur Junction,16.3003038,80.4430208
TEL,Tenali Junction,16.2416744,80.6402405
NZD,Nuzvid Railway Station,16.6501897,80.9622416
SLO,Samalkot Junction,17.0453187,82.1691203
ANV,Annavaram Railway Station,17.2692635,82.4194767
TUNI,Tuni Railway Station,17.3610177,82.543393
YLM,Ellamanchili Railway Station,17.553652000000003,82.85262
AKP,Anakapalle Railway Station,17.694711,83.008556
DVD,Duvvada Railway Station,17.7030425,83.1511067
SPE,Sullurupeta Railway Station,13.6965091,80.0181929
KVZ,Kavali Railway Station,14.9162,79.9886
CLX,Chirala Railway Station,15.830933,80.3543457
BPP,Bapatla Railway Station,15.9084,80.4685
KMT,Khammam Railway Station,17.2487059,80.1391474
MABD,Mahbubabad Railway Station,17.5975396,80.0006163
WRR,Warora Railway Station,20.2452339,79.0105268
HGT,Hinganghat Railway Station,20.5421128,78.8338217
DXG,Dharangaon Railway Station,21.0064,75.28619
AN,Amalner Railway Station,21.0493901,75.0574914
SNK,Sindkheda Railway Station,21.2441924,74.7239077
DDE,Dondaicha Railway Station,21.3315156,74.5624521
NDB,Nandurbar Railway Station,21.3738496,74.2444513
VYA,Vyara Railway Station,21.1176635,73.3858143
UDN,Udhna Junction,21.1704439,72.8510702
AKV,Ankleshwar Junction,21.6256105,73.0011191
MAN,Maninagar Railway Station,22.9986522,72.6113898
BPHB,Bhilai Power House Railway Station,21.2082828,81.3758323
MSMD,Mahasamund Railway Station,21.1132642,82.1039985
BGBR,Bagbahra Railway Station,21.046338,82.3840996
KRAR,Khariar Road Railway Station,20.9012425,82.5110578
NPD,Nawapara Road Railway Station,20.8097595,82.5625183
KBJ,Kantabanji Railway Station,20.4738056,82.9074346
TIG,Titlagarh Railway Station,20.285188,83.154274
KSNG,Kesinga Railway Station,20.188546,83.224456
NRLR,Norla Road Railway Station,20.0408007,83.3737283
MNGD,Muniguda Railway Station,19.6274568,83.488415
RGDA,Rayagada Railway Station,19.1753793,83.4107239
PVPT,Parvatipuram Town Railway Station,18.785233,83.4341753
VBL,Bobbili Railway Station,18.5762982,83.3457628
CHE,Srikakulam Road Railway Station,18.4090841,83.903759
PSA,Palasa Railway Station,18.7567556,84.4232263
CAP,Chatrapur Railway Station,19.3591965,84.9737704
KIT,Khallikot Railway Station,19.61129,85.1282069
BALU,Balugaon Railway Station,19.7467491,85.2005264
KAPG,Kalupara Ghat Railway Station,19.8970307,85.4034667
KCG,Hyderabad Kacheguda Railway Station,17.3924557,78.4675754
MBNR,Mahbubnagar Railway Station,16.75744,77.9991
KRNT,Kurnool Town Railway Station,15.8324664,78.0324683
DHNE,Dhone Junction,15.3953375,77.8681195
YNK,Yelahanka Railway Station,13.1049802,77.5917985
CBF,Coimbatore North Railway Station,11.0201624,76.9546414
NVS,Navsari Railway Station,20.9480431,72.9131865
UJA,Unjha Railway Station,23.7966116,72.381508
PNU,Palanpur Junction,24.1745976,72.4304
ABR,Abu Road Railway Station,24.4807488,72.7850708
PDWA,Pindwara Railway Station,24.79075,73.03933
JWB,Jawai Bandh Railway Station,25.1141698,73.1478847
FA,Falna Railway Station,25.2358162,73.2348995
RANI,Rani Railway Station,25.3486174,73.3108746
MJ,Marwar Junction,25.7203639,73.6095575
SOD,Sojat Road Railway Station,25.8610852,73.7542298
BER,Beawar Railway Station,26.1070504,74.3128761
ADH,Mumbai Andheri Railway Station,18.9696305,72.8193674
VR,Virar Railway Station,19.4549882,72.8119115
BOR,Boisar Railway Station,19.7984437,72.7615198
BIM,Bilimora Junction,20.7655478,72.9703568
GGC,Gangapur City Railway Station,26.4681981,76.7268483
SMVJ,Shri Mahaveerji,26.684688,76.968141
HAN,Hindaun City Railway Station,26.7557095,77.0315317
BXN,Bayana Junction,26.916051,77.2964466
BTE,Bharatpur Railway Station,27.2362966,77.4890126
BVH,Ballabgarh Railway Station,28.3408609239,77.312775968
LNL,Lonavala Railway Station,18.7495209,73.4074142
KJT,Karjat Railway Station,18.9097061,73.3209163
KJ,Kajgaon Railway Station,20.5734527,75.1407204
RMR,Ramnagar Railway Station,29.3897791,79.1219422
KPV,Kashipur Railway Station,29.2045717,78.9610021
PLS,Pipalsana Railway Station,28.9523,78.83533
LRJ,Laksar Junction,29.752775,78.0198497
ANDI,Adarsh Nagar Railway Station,28.7143371,77.1667573
BRS,Birsinghpur Railway Station,23.3669462,81.0438343
BUH,Burhar Railway Station,23.2129327,81.5285681
KTMA,Kotma Railway Station,23.203066,81.9790452
BJRI,Bijuri Railway Station,23.2513512,82.1193598
BRH,Baikunthpur Road Railway Station,23.3167669,82.5291899
KTO,Katora Railway Station,23.30777,82.68041
BSPR,Bishrampur Railway Station,23.1789119,82.9829214
ABKP,Ambikapur Railway Station,23.136841,83.1435942
BLTR,Belthara Road Railway Station,26.120827,83.8412894
MAU,Mau Junction,25.9391726,83.5641906
MMA,Muhammadabad Railway Station,26.0264548,83.3758986
AMH,Azamgarh Railway Station,26.039168,83.1618898
SMZ,Sarai Mir Railway Station,26.0278541,82.9235137
KRND,Khorason Road Railway Station,26.0889982,82.8656177
ZBD,Zafarabad Junction,25.7080998,82.7184236
MAY,Mariahu Railway Station,25.59671,82.59797
JNH,Janghai Junction,25.5501014,82.3100445
PLP,Phulpur Railway Station,25.5520699,82.0907635
BDL,Vindhyachal Railway Station,25.1607779,82.5020862
AF,Agra Fort Railway Station,27.18234,78.0179102
CYI,Chhayapuri Railway Station,22.3712394,73.1657682
BMKI,Bapudham Motihari Railway Station,26.654993,84.9049234
SGL,Sugauli Railway Station,26.7587132,84.739177
BTH,Bettiah Railway Station,26.8052537,84.5223802
NKE,Narkatiaganj Junction,27.1049121,84.4637767
HIR,Harinagar Railway Station,27.156647,84.324507
BUG,Bagaha Railway Station,27.1301975,84.06724
CPJ,Kaptanganj Junction,26.9253759,83.6993842
VG,Viramgam Junction,23.1378676,72.0424503
SRGT,Surendranagar Gate Railway Station,22.735063,71.636775
JVN,Jorawarnagar Junction,22.71276,71.64097
LM,Limbdi Railway Station,22.56584,71.78973
RUR,Ranpur Railway Station,22.3598616,71.7169885
BTD,Botad Junction,22.1825026,71.6658627
DLJ,Dhola Junction,21.8222026,71.7394215
SGD,Songadh Railway Station,21.7287501,71.8860131
SOJN,Sihor Gujarat Railway Station,21.7249191,71.9574652
BVP,Bhavnagar Para Railway Station,21.7708429,72.1190513
BVC,Bhavnagar Terminus Railway Station,21.7818148,72.1422248
AH,Achhnera Junction,27.1815537,77.7581364
NAC,Nawa City Railway Station,27.0292424,75.0010134
KMNC,Kuchaman City Railway Station,27.053365,74.8514699
MKN,Makrana Junction,27.0374318,74.7243043
DNA,Degana Junction,26.8973334,74.3175209
MTD,Merta Road Junction,26.7278221,73.9178342
DMO,Damoh Railway Station,23.8356173,79.4318012
BE,Bareilly Railway Station,28.3369682,79.410857
SEO,Seohara Railway Station,29.2046798,78.5806885
DPR,Dhampur Railway Station,29.3055815,78.5021206
NGG,Nagina Railway Station,29.4384284,78.4238707
JUDW,Jagadhri Workshop Railway Station,30.1355332,77.2421131999999
GDG,Gadag Junction,15.4367021,75.6424624
KBL,Koppal Railway Station,15.3539063,76.1443419
HPT,Hospet Junction,15.287344,76.3855587
BAY,Bellary Junction,15.1398562,76.9156732
VGLB,Virangana Lakshmibai Jhansi Junction,25.4443599,78.5534647
CTO,Chittoor Railway Station,13.2194538,79.1033541
PAK,Pakala Junction,13.4510321,79.1145414
TPTY,Tirupati Main Railway Station,13.6283507,79.419812
RU,Renigunta Junction,13.6379043,79.5062317
KOU,Koduru Railway Station,13.9486024,79.3465181
RJP,Razampeta Railway Station,14.1855862,79.1525776
HX,Kadapa Railway Station,14.4515454,78.8290944
KKM,Kamalapuram Railway Station,14.5928705,78.6662058
YA,Yerraguntla Railway Station,14.6435398,78.533625
MOO,Muddanuru Railway Station,14.6890181,78.3972547
TU,Tadipatri Railway Station,14.9085674,77.9774246
GY,Gooty Junction,15.1498057,77.6245752
GWD,Gadwal Railway Station,16.22527,77.809586
WPR,Wanparti Road Railway Station,16.3820535896,77.88514998289999
JCL,Jadcherla Railway Station,16.7529413,78.1420088
SHNR,Shadnagar Railway Station,17.0648384,78.2130239
UR,Umdanagar Railway Station,17.2633545,78.3931089
BTI,Bhatinda Junction,30.209488,74.932083
SSA,Sirsa Railway Station,29.5390382,75.0355513
BNW,Bhiwani Junction,28.8006394,76.1244683
KLNK,Kalanaur Kalan Railway Station,28.8339027,76.3868019
ROK,Rohtak Junction,28.8905579,76.5801084
BGZ,Bahadurgarh Railway Station,28.7012918,76.9304048
NNO,Nangloi Railway Station,28.682133,77.05622
SSB,Shakurbasti Railway Station,28.680227328700003,77.1299115857
BLGT,Balurghat Railway Station,25.2331136,88.7581157
RMPB,Rampur Bazar Railway Station,25.3444009,88.6309131
GRMP,Gangarampur Railway Station,25.3903009,88.5163156
BNDP,Buniadpur Railway Station,25.3860644,88.4011662
GZO,Gazole Railway Station,25.2247753,88.1981565
EKI,Eklakhi Railway Station,25.1684509,88.0991628
ANR,Anara Railway Station,23.4814846,86.560249
VSU,Bishnupur Railway Station,23.0654475,87.3011444
GBA,Garhbeta Railway Station,22.8444747,87.3208915
CDGR,Chandrakona Road Railway Station,22.739836,87.3412223
SLB,Salboni Railway Station,22.6402583,87.3214902
GMDN,Girimaidan Railway Station,22.3410948,87.3064291
RHE,Rakha Mines Railway Station,22.6745193,86.3542935
CKU,Chakulia Railway Station,22.4784234,86.7216303
JGM,Jhargram Railway Station,22.4543408,86.9984205
DHD,Dahod Railway Station,22.8439605,74.2543956
NPS,Napasar Railway Station,27.9811273,73.5641884
SDGH,Sri Dungargarh Railway Station,28.0707717,74.0061014
RJR,Rajaldesar Railway Station,28.0336145,74.477917
RTGH,Ratangarh Junction,28.0689999,74.6246394
CUR,Churu Railway Station,28.2889848,74.9664731
FPS,Fatehpur Shekhawati Railway Station,28.000728,74.971043
RGS,Ringas Junction,27.3732085,75.563265
GADJ,Jaipur Gandhinagar Railway Station,26.9196878,75.7880051
DO,Dausa Railway Station,26.9009345,76.3315478
BKI,Bandikui Junction,27.0402002,76.5668584
AWR,Alwar Railway Station,27.560324,76.6214665
BINR,Brij Nagar Railway Station,27.4393,77.09
DEEG,Deeg Railway Station,27.4867624,77.3250074
GDO,Goverdhan Railway Station,27.5207385,77.4620004
FAB,Fatehabad Railway Station,27.0192536,78.2996519
PLG,Palghar Railway Station,19.697839,72.7719879
DRD,Dahanu Road Railway Station,19.9913582,72.7436773
AML,Amalsad Railway Station,20.811671,72.9559674
MRL,Maroli Railway Station,21.0202737,72.8906972
SCH,Sachin Railway Station,21.0780123,72.8743925
SVJR,Shivajinagar Railway Station,18.531738,73.851147
GTJT,Getor Jagatpura Railway Station,26.8373077,75.8310073
RE,Rewari Railway Station,28.2025047,76.610435
GHNA,Gohana Railway Station,29.1408239,76.6895608
VDE,Vedayapalem Railway Station,14.4054677,79.9575631
BTTR,Bitragunta Railway Station,14.766951,79.9837559
SKM,Singarayakonda Railway Station,15.252886,80.026428
NOQ,New Alipurduar Railway Station,26.4863798,89.5411883
KOJ,Kokrajhar Railway Station,26.404982,90.2734356
NBQ,New Bongaigaon Railway Station,26.47546,90.53718
BPRD,Barpeta Road Railway Station,26.5020173,90.9646901
RNY,Rangiya Junction,26.4467216,91.6063694
KYQ,Kamakhya Railway Station,26.1570247,91.6920834
SBV,Simri Bakhtiyarpur Railway Station,25.7200912,86.5974003
MSK,Mahes Khunt Railway Station,25.4607348,86.6418351
NNR,Narayanpur Railway Station,25.398348,86.85938800000001
THB,Thana Bihpur Junction,25.3933828,86.935528
KUE,Kursela Railway Station,25.4388925,87.2522567
CRR,Karagola Road Railway Station,25.5000068215,87.3778270438
SMO,Semapur Railway Station,25.5249001,87.4698547
LAV,Labha Railway Station,25.4399557,87.7446806
KDPR,Kumedpur Railway Station,25.4278744,87.8067708
NILE,Nimtita Railway Station,24.623858,88.0096374
RMU,Rampur Railway Station,28.780163,79.020446
DGHA,Digha Flag Station Railway Station,21.62327,87.50828
RMRB,Ramnagar Bengal Railway Station,21.6768639,87.5538979
KATI,Kanthi P Halt Railway Station,21.7883937,87.7337909
TMZ,Tamluk Railway Station,22.234248,87.937867
MCA,Mecheda Railway Station,22.414928,87.8585339
ULB,Ulubaria Railway Station,22.472428,88.093209
SWA,Sahjanwa Railway Station,26.7636121,83.2161757
ERS,Ernakulam Junction (South),9.9694596,76.2910421
MAJN,Mangalore Railway Station,12.8633417,74.843251
BSR,Vasai Road Railway Station,19.38261,72.83195
GDX,Ghoksadanga Railway Station,26.4224337,89.2778351
BZLE,Bazarsau Railway Station,23.8771835,88.1832007
MTP,Mettupalayam Railway Station,11.298918,76.9355514
UDL,Andal Junction,23.5789648,87.181588
BP,Barrackpore Railway Station,22.7602013,88.3709028
MTR,Motipur Railway Station,26.2571899,85.1689072
MAI,Mehsi Railway Station,26.3548175,85.0964556
CAA,Chakia Railway Station,26.41775,85.046618
SBZ,Siswa Bazar Railway Station,27.1491375,83.7561825
LSI,Laheria Sarai Railway Station,26.1122723,85.9045738
DBG,Darbhanga Junction,26.1547905,85.9072674
J,Jalna Railway Station,19.8317607,75.8907112
AWB,Aurangabad Railway Station,19.8597859,75.3113829
ATE,Atarra Railway Station,25.2908615,80.5769948
MBA,Mahoba Railway Station,25.3065764,79.8481992
KLAR,Kulpahar Railway Station,25.29498,79.6362
HPP,Harpalpur Railway Station,25.2902879,79.3336217
MRPR,Mau Ranipur Railway Station,25.2607937,79.1370802
NEW,Nivari Railway Station,25.328061,78.82007
HYB,Hyderabad Deccan Nampally Railway Station,17.3924557,78.4675754
SEM,Sedam Railway Station,17.1810623,77.2854174
CT,Chittapur Railway Station,17.1197556,77.0906074
NRL,Neral Junction,19.0269562,73.3182923
KK,Khadki Railway Station,18.5631806,73.8406198
ROA,Rusera Ghat Railway Station,25.7459331,86.0360596
HD,Harda Railway Station,22.3391949,77.1016832
STR,Satara Railway Station,17.688554,74.063585
KRD,Karad Railway Station,17.3098,74.2166
SLI,Sangli Railway Station,16.8584426,74.5881594
MRJ,Miraj Junction,16.8193095,74.6390471
KUD,Kudachi Railway Station,16.6243563,74.858497
RBG,Raybag Railway Station,16.483374512,74.80682566349999
GPB,Ghatprabha Railway Station,16.240718896,74.7598229541
BGM,Belgaum Railway Station,15.8489371,74.5088659
LD,Londa Junction,15.448705,74.4958167
CLR,Castle Rock Railway Station,15.3986693,74.3336949
QLM,Kulem Railway Station,15.33354,74.24378
SVM,Kuddchoddem Railway Station,15.2641907,74.1085851
VSG,Vasco Da Gama Railway Station,15.3961347,73.812294
CAF,Chanda Fort Railway Station,19.9402755,79.3125765
AKT,Akaltara Railway Station,22.0293415,82.4225864
NIA,Naila Railway Station,22.0230115,82.5651838
KRBA,Korba Railway Station,22.3375125,82.7128082
CHH,Chaukhandi Railway Station,25.3395766,82.8350143
SWPR,Sewapuri Railway Station,25.3510282,82.7692432
KEH,Kapseti Railway Station,25.35756,82.71816
PRF,Parsipur Railway Station,25.3708142,82.6373152
BOY,Bhadohi Railway Station,25.3952891,82.55844
MOF,Mondh Railway Station,25.4271964,82.4858737
SAW,Suriawan Railway Station,25.461532,82.423953
SQN,Sarai Kansrai Railway Station,25.5165931,82.3451318
URPR,Ugrasenpur Railway Station,25.56819,82.17068
PFM,Phaphamau Junction,25.525578,81.866789
PRG,Prayag Railway Station,25.467939,81.867081
NYN,Naini Railway Station,25.3938782,81.8602144
BTX,Bela Tal Railway Station,25.2763717,79.5541551
TKA,Teharka Railway Station,25.2940497,78.9319538
BGKT,Bhagat Ki Kothi Railway Station,26.2508123,73.0146191
LUNI,Luni Junction,26.0025667,73.0025653
PMY,Pali Marwar Railway Station,25.790989,73.3274227
BIRD,Bhiwandi Road Railway Station,19.2688599,73.0462666
SIR,Sirhind Junction,30.6238588,76.3823927
NDO,Nidubrolu Railway Station,16.0679611,80.5575538
PMP,Pimpri Railway Station,18.6234665,73.8020382
KOP,Shahu Maharaj Terminus Railway Station,16.70257,74.237695
HTK,Hatkanagale Railway Station,16.7476138,74.4213729
JSP,Jayasingpur Railway Station,16.7911797,74.5516736
BVQ,Bhilavdi Railway Station,17.0080953,74.5155195
KOV,Kirloskarvadi Railway Station,17.0831168,74.4167423
RMP,Rahimatpur Railway Station,17.6122,74.1724
KRG,Koregaon Railway Station,17.6919886,74.1490775
WTR,Wathar Railway Station,17.8913385,74.1365875
LNN,Lonand Railway Station,18.0406179,74.1901415
NIRA,Nira Railway Station,18.10452,74.20849
JJR,Jejuri Railway Station,18.28728,74.1718
ABLE,Ambale Railway Station,18.4139,74.18683
YL,Yeola Railway Station,20.0225,74.496369
BDWD,Bodwad Railway Station,20.9034736,76.017456
JM,Jalamb Junction,20.8128321,76.5735695
TGP,Tuljapur Railway Station,20.80048,78.80732
ITR,Itwari Railway Station,21.1575478,79.1198922
JHD,Jehanabad Railway Station,25.2243913,84.9900966
TEA,Taregna Railway Station,25.3546179,85.0376789
DEC,Delhi Cantt. Railway Station,28.6609621,77.2276794
GGN,Gurgaon Railway Station,28.4892595,77.0113432
GNC,Gandhinagar Capital Railway Station,23.2349059,72.6302311
IGU,Irugur Junction,11.015782,77.065671
TJ,Thanjavur Junction,10.7782455,79.1396255
PML,Papanasam Railway Station,10.9232574,79.2689002
KMU,Kumbakonam Railway Station,10.9537286,79.3894753
MV,Mayiladuturai Junction,11.0954312,79.628446
CGN,Chirgaon Railway Station,25.5754575,78.8066704
MOTH,Moth Railway Station,25.74109,78.94857
AIT,Ait Railway Station,25.9029666,79.2295837
GOY,Govindpuri Railway Station,26.4537358,80.3127957
RJG,Rajgram Railway Station,24.544924,87.867656
MRR,Murarai Railway Station,24.4410093,87.8586679
IPM,Ichchpuram Railway Station,19.110752,84.680427
SKI,Sakri Junction,26.2088485,86.0771985
MBI,Madhubani Railway Station,26.3488811,86.0773465
JYG,Jaynagar Railway Station,26.5885527,86.1359014
GDA,Godhra Junction,22.7768079,73.6048993
SPT,Sompeta Railway Station,18.981188,84.5816654
NWP,Naupada Junction,18.5791144,84.2832564
CPP,Chipurupalle Railway Station,18.3166156,83.5689273
NDD,Nidadavolu Junction,16.897974,81.6745047
SRNT,Sarnath Railway Station,25.3760533,83.0325155
BHET,Bhestan Railway Station,21.122456,72.8630672
GRL,Goraul Railway Station,25.93116,85.31859
STLR,Sitalpur Railway Station,25.76874,85.03663800000001
BAGL,Baragopal Railway Station,25.7651014,84.9085569
DRI,Dumri Juara Railway Station,25.7490652,84.8709549
GJH,Goldinganj Railway Station,25.7538385,84.8269468
EKMA,Ekma Railway Station,25.9666541,84.5364369
CW,Chainwa Railway Station,26.0219375,84.4963966
ZRDE,Jiradei Railway Station,26.2202857,84.2564211
BHTR,Bhatpar Rani Railway Station,26.3098817,84.0324095
SRU,Salempur Junction,26.2978884,83.9234271
LRD,Lar Road Railway Station,26.2134299,83.9100555
JKN,Jakhanian Railway Station,25.7411714,83.369881
MBS,Madhosingh Railway Station,25.2496914,82.5517203
BHUJ,Bhuj Railway Station,23.2658479,69.6783825
AJE,Anjar Railway Station,23.11955,70.03641
AI,Adipur Railway Station,23.0765426,70.0780693
GIMB,Gandhidham Bg Railway Station,23.0683652,70.1477446
BCOB,Bhachau Bg Railway Station,23.3041258,70.3506249
SIOB,Samakhiali B G Railway Station,23.3096838,70.5029897
HVD,Halvad Railway Station,23.0185,71.1829
DHG,Dhrangadhra Railway Station,22.9876653,71.4784673
EKNR,Kevadiya Railway Station,21.887422,73.6881355
BIY,Bardoli Railway Station,21.1338181,73.1053405
MID,Madhi Railway Station,21.1457051,73.2421844
NWU,Navapur Railway Station,21.1666711,73.7726885
AGN,Amgaon Railway Station,21.3614042,80.3740576
TLD,Tilda Railway Station,21.550699,81.794821
BUA,Baradwar Railway Station,22.0117008,82.8136297
KHS,Kharsia Railway Station,21.9920687,83.1039894
BPH,Belpahar Railway Station,21.8273604,83.8484234
BMB,Bamra Railway Station,22.051673,84.2916021
GP,Raj Gangpur Railway Station,22.186062000000003,84.58205099999999
PKD,Penukonda Junction,14.1001434,77.5944669
DBU,Doddaballapur Railway Station,13.27948,77.55084
KGI,Kengeri Railway Station,12.9176716,77.4838192
RMGM,Ramanagaram Railway Station,12.7210166,77.2836539
MYA,Mandya Railway Station,12.529117,76.8966481
MYS,Mysore Junction,12.3162712,76.6454048
RJA,Rajanagar Railway Station,26.401801,86.152987
HYT,Haiaghat Railway Station,26.0208051,85.8787514
RKM,Raja Ki Mandi Railway Station,27.1940718,77.9968841
HSK,Harishanker Road Railway Station,20.6263045,82.7656861
PVP,Parvatipuram Railway Station,18.7710232,83.4271937
SCM,Simhachalam Railway Station,17.7452819,83.2208078
BAW,Chik Banavar Railway Station,13.074703,77.5056577
BAND,Banaswadi Railway Station,13.0057605,77.628236
TCR,Thrissur City Railway Station,10.5139679,76.2069766
ERN,Ernakulam Town (North) Railway Station,9.9916358,76.2865453
KTYM,Kottayam Railway Station,9.5949132,76.5314285
TRVL,Tiruvalla Railway Station,9.3923697,76.5798228
CNGR,Chengannur Railway Station,9.3182222,76.6084881
QLN,Kollam Railway Station,8.8860061,76.5951062
KCVL,Trivandrum Kochuveli Railway Station,8.51029329999999,76.8970661
ANDN,Anand Nagar Railway Station,27.103714,83.270698
SDDN,Siddharth Nagar Station,27.2744898,83.0886332
BNY,Barhni Railway Station,27.4956727,82.7915252
BLP,Balrampur Railway Station,27.4157034,82.1610505
VNA,Varangaon Railway Station,21.0105355,75.9013316
SBIB,Sabarmati Bg Railway Station,23.0712078,72.5871134
TVC,Trivandrum Central Railway Station,8.486679,76.95120999999999
KYJ,Kayamkulam Junction,9.1824553,76.512608
MVLK,Mavelikkara Railway Station,9.2396051,76.5458525
AWY,Aluva Railway Station,10.1083724,76.3567627
DKAE,Dankuni Railway Station,22.6780934,88.2904260999999
GHY,Guwahati Railway Station,26.1825471,91.7497756
HJI,Hojai Railway Station,26.0014545,92.8521468
LMG,Lumding Junction,25.7504889,93.1765754
MBG,Maibang Railway Station,25.304964,93.135975
NHLG,New Haflong Railway Station,25.1481188,93.03181
BPB,Badarpur Junction,24.8653916,92.5557015
SCL,Silchar Railway Station,24.830073,92.787409
NAB,Nagbhir Junction,20.5799253,79.7009191
BTC,Balaghat Junction,21.8114624,80.199797
NIR,Nainpur Junction,22.4258465,80.1098493
BQI,Bommidi Railway Station,11.9843954,78.2462061
SLY,Samalpatti Railway Station,12.3111862,78.4833658
KARR,Kharar Railway Station,30.7260541,76.6362314
NMDA,New Morinda Railway Station,30.776469,76.518125
SMRL,Samrala Railway Station,30.82512,76.17723
CAPE,Kanniyakumari Railway Station,8.0879045,77.5466899
NCJ,Nagercoil Junction,8.1746228,77.44385
VLY,Valliyur Railway Station,8.3768257,77.6142134
TEN,Tirunelveli Junction,8.7313972,77.7082396
CVP,Kovilpatti Railway Station,9.1825744,77.8730971
SRT,Satur Railway Station,9.3576455,77.9220637
VPT,Virudunagar Junction,9.5947509,77.9574608
TMV,Tindivanam Railway Station,12.2294464,79.6512787
MBM,Mambalam Railway Station,13.0387241,80.2278744
DNM,Dhanmandal Railway Station,20.68686,86.11192
BTS,Basta Railway Station,21.7017521,87.062943
DNT,Dantan Railway Station,21.93021,87.2843
BLDA,Belda Railway Station,22.0710501,87.3366928
CAI,Chanpatia Railway Station,26.9422009,84.5307141
VAK,Varkala Sivagiri Railway Station,8.7403307,76.7233532
ALLP,Alappuzha Railway Station,9.4836002,76.3222995
SRTL,Cherthala Railway Station,9.6912456,76.3256511
SNSI,Sainagar Shirdi Railway Station,19.7806505,74.4806238
SKT,Sakti Railway Station,22.011825,82.9557461
TPZ,Tapri Railway Station,29.9158485,77.5833443
KASR,Kanas Road Railway Station,20.0622099,85.7433718
DEG,Delang Railway Station,20.0380355,85.767225
AKD,Akodia Railway Station,23.378596,76.5993277
KPP,Kalapipal Railway Station,23.3331241,76.8347557
BAB,Babina Railway Station,25.240039,78.454296
KSV,Kosi Kalan Railway Station,27.7879717,77.4458562
PWL,Palwal Railway Station,28.151479,77.3415568
KNN,Khanna Railway Station,30.7088767,76.2234097
DZA,Dasuya Railway Station,31.808658,75.6580828
MEX,Mukerian Railway Station,31.9418664,75.6121526
RMJK,Ram Nagar Jk Railway Station,32.84493,75.15129
UHP,Udhampur Railway Station,32.92618,75.15442
CRWL,Chak Rakhwal Railway Station,32.9418977,75.0827998
SVDK,Shmata V D Ktra Railway Station,32.982814,74.935736
BHW,Barharwa Junction,24.8582906,87.7743808
SBG,Sahibganj Junction,25.24052,87.634388
GNG,Gauriganj Railway Station,26.2040153,81.6859892
BRE,Bharwari Railway Station,25.5596067,81.4911373
KTQ,Kudra Railway Station,25.04938,83.79258
BG,Bhongir Railway Station,17.5244629,78.8986385
ALER,Aler Railway Station,17.6456483,79.0486367
ZN,Jangaon Railway Station,17.7241074,79.153777
GNP,Ghanpur Railway Station,17.8494786,79.3755404
DKJ,Dornakal Junction,17.4450837,80.1527401
MDR,Madhira Railway Station,16.9217829,80.3661807
MAG,Mangalagiri Railway Station,16.437717,80.564576
RPJ,Rajpura Junction,30.4862424,76.5936295
DBD,Deoband Railway Station,29.679651,77.670755
TKJ,Tilak Bridge Railway Station,28.6280285,77.2375368
TN,Tuticorin Railway Station,8.8060579,78.1553063
MEJ,Vanji Maniyachi Junction,8.882102999999999,77.890651
KDU,Kadambur Railway Station,9.00188,77.86324
TMQ,Tirumangalam Railway Station,9.8242343,77.9900497
MMK,Madurantakam Railway Station,12.504703,79.8934767
CGY,Changanassery Railway Station,9.449881,76.54841400000001
SGLA,Sangola Railway Station,17.4370158,75.1884824
BTW,Barshi Town Railway Station,18.2414938,75.7185654
UMD,Osmanabad Railway Station,18.247891,76.022865
LUR,Latur Railway Station,18.4299605,76.5557468
LTRR,Latur Road Railway Station,18.506494,76.845289
PRLI,Parli Vaijnath Railway Station,18.8527572,76.524999
PBN,Parbhani Jn Railway Station,19.2576875,76.7736968
PAU,Purna Junction,19.1809797,77.0256803
HNL,Hingoli Deccan Railway Station,19.7267616,77.1475515
WHM,Washim Railway Station,20.103064,77.148166
BDMJ,Bhodwal Majri Railway Station,29.185275,77.0084203
UD,Udupi Railway Station,13.3361451,74.7708228
RGO,Rotegaon Railway Station,20.068948,74.5906569
LSR,Lasur Railway Station,19.92635,75.0118353
PTU,Partur Railway Station,19.5763107,76.2130496
SELU,Selu Railway Station,19.448217,76.433383
NED,Huzur Sahib Nanded Railway Station,19.160522,77.31047799999999
MUE,Mudkhed Railway Station,19.1479763,77.5097726
BOKR,Bhokar Railway Station,19.2140762,77.6670346
HEM,Himayatnagar Railway Station,19.4170719,77.869034
SHSK,Sahasrakund Railway Station,19.4029,78.0086999999999
BHBK,Bodhadi Bujrug Railway Station,19.4958376,78.1947062
KNVT,Kinwat Railway Station,19.6189686,78.202796
ADB,Adilabad Railway Station,19.6805799,78.5361971
HDB,Haldibari Railway Station,26.3355437,88.782707
JPG,Jalpaiguri Railway Station,26.5186639,88.7241285
JAIS,Jais Railway Station,26.26214,81.51947
KAWR,Karwar Railway Station,14.8201336,74.1825888
BNLW,Bansthali Niwai Railway Station,26.3839278087,75.93511006349999
MJRI,Majri Junction,20.1392156,79.0428868
WANI,Wani Railway Station,20.0665672,78.9606929
JTRD,Jath Road Railway Station,17.2178,75.1113
DLGN,Dhalgaon Railway Station,17.1206172,74.9883634
KVK,Kavathe Mahankal Railway Station,16.9934286,74.9363721
RHG,Rajgarh Railway Station,27.2426528,76.6064267
KRH,Khairthal Railway Station,27.7973361,76.641818
PTRD,Pataudi Road Railway Station,28.3480567,76.7519196
DSJ,Delhi Safdarjung Railway Station,28.5822929,77.1862647
MGN,Meghnagar Railway Station,22.9072961,74.5398541
SUNR,Surendranagar Railway Station,22.7452566,71.6292066
RJT,Rajkot Railway Station,22.3131558,70.8025101
HAPA,Hapa Railway Station,22.4685993,70.1175346
SGE,Sankaridurg Railway Station,11.4465071,77.8707091
CRLM,Carmelaram Railway Station,12.907229,77.705352
NMGT,Nimshirgaon Tamdalge Railway Station,16.767955,74.4857671
VRB,Vishrambag Railway Station,16.8509923,74.6028173
MSR,Masur Railway Station,17.4048169,74.144676
KUH,Khachrod Railway Station,23.4425747,75.2863838
BMI,Bamnia Railway Station,23.0949444,74.7585444
THDR,Thandla Road Railway Station,22.9629359,74.5895591
KDM,Kesamudram Railway Station,17.6863463,79.8963672
BBN,Barbil Railway Station,22.1050272,85.3689463
BJMD,Bara Jamda Railway Station,22.1660627,85.411922
NOMD,Noamundi Railway Station,22.1521738,85.5214046
DPS,Dangoaposi Railway Station,22.16788,85.59299
CBSA,Chaibasa Railway Station,22.5593287,85.8119117
MHBA,Mathabhanga Railway Station,26.3642771,89.199294
KIN,Kapasan Railway Station,24.8613596,74.3110335
COR,Chittaurgarh Railway Station,24.8761,74.6217
MLGH,Mandalgarh Railway Station,25.19412,75.08103
BUDI,Bundi Railway Station,25.408457,75.650931
DER,Dadri Railway Station,28.538743,77.537343
APDJ,Alipur Duar Railway Station,26.478979,89.520964
HOJ,Hamilton Ganj Railway Station,26.6888,89.421
HSA,Hasimara Railway Station,26.7269272,89.3471774
DLO,Dalgaon Railway Station,26.7147264,89.1367956
BNQ,Banarhat Railway Station,26.7985065,89.0258665
NMZ,New Mal Junction,26.8739709,88.7256717
SGUJ,Siliguri Railway Station,26.7237135,88.4138958
BORA,Baghdogra Railway Station,26.697770440000003,88.32445458000001
TKG,Thakurganj Railway Station,26.427591,88.1287456
KQU,Kamarkundu Railway Station,22.8218054,88.2045548
NGNT,New Guntur Railway Station,16.3101066,80.4571253
SVA,Suwasra Railway Station,24.0699803,75.6487675
MVO,Manwath Road Railway Station,19.3586413,76.5346578
KSRA,Kasara Railway Station,19.6483,73.47306
SIW,Shirravde Railway Station,17.3607602,74.157704
JNR,Janakpur Road Railway Station,26.4689603,85.700921
JGA,Jogiara Railway Station,26.4070536,85.7461182
KML,Kamtaul Railway Station,26.3277102,85.8158767
MYG,Miyagam Karjan Railway Station,22.0514834,73.1206912
PLJ,Palej Railway Station,21.9206351,73.0722361
KSB,Kosamba Junction,21.4646301,72.9548636
KIM,Kim Railway Station,21.3997763,72.9263277
KUDA,Kundapura Railway Station,13.613278,74.728723
BYNR,Byndoor Mookambika Road Railway Station,13.871942,74.632863
BTJL,Bhatkal Railway Station,13.9893954,74.565708
MRDW,Murdeshwar Railway Station,14.1008218,74.5053419
HNA,Honnavar Railway Station,14.3159446,74.4324189
KT,Kumta Railway Station,14.4371582,74.4210504
GOK,Gokarna Road Railway Station,14.5838812,74.3677665
VS,Vishvamitri Railway Station,22.2845836,73.1789091
MOJ,Mohana Railway Station,25.980208,77.83395499999999
SVPI,Shivpuri Railway Station,25.4381932,77.6380742
BDWS,Badarwas Railway Station,24.98368,77.56206
MINA,Miyana Railway Station,24.857124,77.473428
GUNA,Guna Railway Station,24.6409077,77.3143973
RTA,Ruthiyai Railway Station,24.5346331,77.1794214
BRRG,Biyavra Rajgarh Railway Station,23.9368677,76.9081034
PFR,Pachor Road Railway Station,23.7287242,76.7417658
FTD,Fatehabad Chowk Junction,23.009106,75.673338
BNG,Barnagar Railway Station,23.06077,75.3768327
TME,Tuti Melur Railway Station,8.80818,78.147
RGD,Rajgir Railway Station,25.03296,85.41524
NLD,Nalanda Railway Station,25.12275,85.46321
BEHS,Bihar Sharif Railway Station,25.20311,85.53949
WENA,Wena Railway Station,25.32632,85.53217
HRT,Harnaut Railway Station,25.3717504,85.5405432
PWS,Phulwari Sharif Railway Station,25.5865688,85.080807
BTA,Bihta Railway Station,25.5610426,84.8723675
BEA,Bihiya Railway Station,25.5588037,84.4488608
DURE,Dumraon Railway Station,25.5715198,84.1433993
GMR,Gahmar Railway Station,25.48879,83.80426
APT,Anaparti Railway Station,16.9364685,81.9540584
AAR,Adesar Railway Station,23.552756,70.972531
RDHP,Radhanpur Railway Station,23.8463284,71.5861785
DEOR,Diyodar Railway Station,24.1122508,71.7695863
DISA,Disa Railway Station,24.2373784,72.1795498
WSA,Wadsa Railway Station,20.623777,79.963224
